Id,Prediction
AND,0
ATG,0
ARG,0
AUS,0
BHS,1.23889888921383
BLR,0
BIH,0
BGR,0
TCD,0
COL,1.48767879923304
CRI,0.639344485016915
CYP,0
CZE,0
DNK,0
DMA,0
SLV,1.66223911142104
ERI,0
GTM,4.08896538331139
HTI,0
ISR,0
JPN,0
KEN,0
KIR,0
LAO,0
LBN,0
MDG,0
MDV,0
MLI,0
MEX,0
MCO,0
MOZ,0
MMR,0
NAM,0
NER,0
NOR,0
POL,0
QAT,0
KOR,13.5324392617523
RUS,0
KNA,0
SGP,0
SVN,-22.0751720114235
TON,0
TUN,0
UKR,0
GBR,0
